timestamp,cmd_vel_linear_x,cmd_vel_linear_y,cmd_vel_angular_z,odom_pos_x,odom_pos_y,odom_yaw
2025-05-21T00:07:33.578694,0.0,0.0,0.0,0.0,0.0,0.0
2025-05-21T00:07:33.678860,0.0,0.0,0.0,0.0,0.0,0.0
2025-05-21T00:07:33.778680,0.0,0.0,0.0,0.0,0.0,0.0
2025-05-21T00:07:33.878679,0.0,0.0,0.0,0.0,0.0,0.0
2025-05-21T00:07:33.978702,0.0,0.0,0.0,0.0,0.0,0.0
2025-05-21T00:07:34.078761,0.0,0.0,0.0,0.0,0.0,0.0
2025-05-21T00:07:34.178691,0.0,0.0,0.0,0.0,0.0,0.0
2025-05-21T00:07:34.278687,0.0,0.0,0.0,0.0,0.0,0.0
2025-05-21T00:07:34.378688,0.0,0.0,0.0,0.0,0.0,0.0
2025-05-21T00:07:34.478804,0.0,0.0,0.0,0.0,0.0,0.0
2025-05-21T00:07:34.578687,0.0,0.0,0.0,0.0,0.0,0.0
2025-05-21T00:07:34.678685,0.0,0.0,0.0,0.0,0.0,0.0
2025-05-21T00:07:34.778686,0.0,0.0,0.0,0.0,0.0,0.0
2025-05-21T00:07:34.878688,0.0,0.0,0.0,0.0,0.0,0.0
2025-05-21T00:07:34.978677,0.0,0.0,0.0,0.0,0.0,0.0
2025-05-21T00:07:35.078667,0.0,0.0,0.0,0.0,0.0,0.0
2025-05-21T00:07:35.178678,0.0,0.0,0.0,0.0,0.0,0.0
2025-05-21T00:07:35.278825,0.0,0.0,0.0,0.0,0.0,0.0
2025-05-21T00:07:35.378663,0.0,0.0,0.0,0.0,0.0,0.0
2025-05-21T00:07:35.478678,0.0,0.0,0.0,0.0,0.0,0.0
2025-05-21T00:07:35.578675,0.0,0.0,0.0,0.0,0.0,0.0
2025-05-21T00:07:35.678665,0.0,0.0,0.0,0.0,0.0,0.0
2025-05-21T00:07:35.778623,0.0,0.0,0.0,0.0,0.0,0.0
2025-05-21T00:07:35.878734,0.0,0.0,0.0,0.0,0.0,0.0
2025-05-21T00:07:35.978807,0.0,0.0,0.0,0.0,0.0,0.0
2025-05-21T00:07:36.078750,0.0,0.0,0.0,0.0,0.0,0.0
2025-05-21T00:07:36.178700,0.0,0.0,0.0,0.0,0.0,0.0
2025-05-21T00:07:36.278676,0.0,0.0,0.0,0.0,0.0,0.0
2025-05-21T00:07:36.378705,0.0,0.0,0.0,0.0,0.0,0.0
2025-05-21T00:07:36.478780,0.0,0.0,0.0,0.0,0.0,0.0
2025-05-21T00:07:36.578707,0.0,0.0,0.0,0.0,0.0,0.0
2025-05-21T00:07:36.678697,0.0,0.0,0.0,0.0,0.0,0.0
2025-05-21T00:07:36.778963,0.0,0.0,0.0,0.0,0.0,0.0
2025-05-21T00:07:36.879026,0.0,0.0,0.0,0.0,0.0,0.0
2025-05-21T00:07:36.979356,0.14772322344521516,0.0,0.0,0.014779774888276333,0.0,0.0
2025-05-21T00:07:37.078640,0.14772322344521516,0.0,0.0,0.029564057931565035,0.0,0.0
2025-05-21T00:07:37.179595,0.14772322344521516,0.0,0.0,0.0445067955795462,0.0,0.0
2025-05-21T00:07:37.278757,0.14772322344521516,0.0,0.0,0.05919823880554898,0.0,0.0
2025-05-21T00:07:37.379762,0.14772322344521516,0.0,0.0,0.07389595118461584,0.0,0.0
2025-05-21T00:07:37.478655,0.14772322344521516,0.0,0.0,0.08863148980183333,0.0,0.0
2025-05-21T00:07:37.578622,0.14772322344521516,0.0,0.0,0.10338463839956788,0.0,0.0
2025-05-21T00:07:37.678679,0.14772322344521516,0.0,0.0,0.1181575806154036,0.0,0.0
2025-05-21T00:07:37.778713,0.14772322344521516,0.0,0.0,0.13292365493883765,0.0,0.0
2025-05-21T00:07:37.878680,0.14772322344521516,0.0,0.0,0.14770536692497088,0.0,0.0
2025-05-21T00:07:37.978680,0.14772322344521516,0.0,0.0,0.16256396408604154,0.0,0.0
2025-05-21T00:07:38.078648,0.14772322344521516,0.0,0.0,0.1772668537993804,0.0,0.0
2025-05-21T00:07:38.178636,0.14772322344521516,0.0,0.0,0.19203113190480173,0.0,0.0
2025-05-21T00:07:38.278640,0.14772322344521516,0.0,0.0,0.2068314048103999,0.0,0.0
2025-05-21T00:07:38.378632,0.14772322344521516,0.0,0.0,0.22158032701281036,0.0,0.0
2025-05-21T00:07:38.478727,0.14772322344521516,0.0,0.0,0.23633872338473896,0.0,0.0
2025-05-21T00:07:38.578830,0.14772322344521516,0.0,0.0,0.25111141906084744,0.0,0.0
2025-05-21T00:07:38.678681,0.14772322344521516,0.0,0.0,0.26591549572223727,0.0,0.0
2025-05-21T00:07:38.778670,0.14772322344521516,0.0,0.0,0.28067241285580247,0.0,0.0
2025-05-21T00:07:38.878674,0.14772322344521516,0.0,0.0,0.2954881121043336,0.0,0.0
2025-05-21T00:07:38.978686,0.14772322344521516,0.0,0.0,0.31022896893566726,0.0,0.0
2025-05-21T00:07:39.078662,0.14772322344521516,0.0,0.0,0.32504681660182144,0.0,0.0
2025-05-21T00:07:39.178632,0.14772322344521516,0.0,0.0,0.3398162720415148,0.0,0.0
2025-05-21T00:07:39.278669,0.14772322344521516,0.0,0.0,0.35451976049419126,0.0,0.0
2025-05-21T00:07:39.378875,0.14772322344521516,0.0,0.0,0.3693879374846632,0.0,0.0
2025-05-21T00:07:39.478662,0.14772322344521516,0.0,0.0,0.38408709388213247,0.0,0.0
2025-05-21T00:07:39.578680,0.14772322344521516,0.0,0.0,0.39890458934867634,0.0,0.0
2025-05-21T00:07:39.678669,0.14772322344521516,0.0,0.0,0.4136193481888837,0.0,0.0
2025-05-21T00:07:39.778646,0.14772322344521516,0.0,0.0,0.4283742577846699,0.0,0.0
2025-05-21T00:07:39.878632,0.14772322344521516,0.0,0.0,0.44315723768940035,0.0,0.0
2025-05-21T00:07:39.978663,0.14772322344521516,0.0,0.0,0.45797610673442457,0.0,0.0
2025-05-21T00:07:40.078688,0.14772322344521516,0.0,0.0,0.4727476401518189,0.0,0.0
2025-05-21T00:07:40.178877,0.14772322344521516,0.0,0.0,0.48749550575539835,0.0,0.0
2025-05-21T00:07:40.278676,0.14772322344521516,0.0,0.0,0.502323109350759,0.0,0.0
2025-05-21T00:07:40.378671,0.14772322344521516,0.0,0.0,0.5171092238320214,0.0,0.0
2025-05-21T00:07:40.478660,0.14772322344521516,0.0,0.0,0.5317832331773122,0.0,0.0
2025-05-21T00:07:40.578634,0.14772322344521516,0.0,0.0,0.5465891412766759,0.0,0.0
2025-05-21T00:07:40.678661,0.14772322344521516,0.0,0.0,0.5613372886399437,0.0,0.0
2025-05-21T00:07:40.778650,0.14772322344521516,0.0,0.0,0.576200710935676,0.0,0.0
2025-05-21T00:07:40.878694,0.14772322344521516,0.0,0.0,0.5908691203071624,0.0,0.0
2025-05-21T00:07:40.978676,0.14772322344521516,0.0,0.0,0.6056566083669052,0.0,0.0
2025-05-21T00:07:41.078653,0.14772322344521516,0.0,0.0,0.6204250776476895,0.0,0.0
2025-05-21T00:07:41.178683,0.14772322344521516,0.0,0.0,0.63526595916836,0.0,0.0
2025-05-21T00:07:41.278669,0.14772322344521516,0.0,0.0,0.6499811054281388,0.0,0.0
2025-05-21T00:07:41.378635,0.14772322344521516,0.0,0.0,0.6647454539734823,0.0,0.0
2025-05-21T00:07:41.478670,0.14772322344521516,0.0,0.0,0.6795314627948617,0.0,0.0
2025-05-21T00:07:41.578646,0.14772322344521516,0.0,0.0,0.6943262766064996,0.0,0.0
2025-05-21T00:07:41.678718,0.14772322344521516,0.0,0.0,0.7090557573904193,0.0,0.0
2025-05-21T00:07:41.778622,0.14772322344521516,0.0,0.0,0.7238241914512425,0.0,0.0
2025-05-21T00:07:41.878638,0.14772322344521516,0.0,0.0,0.7386146027677513,0.0,0.0
2025-05-21T00:07:41.978674,0.14772322344521516,0.0,0.0,0.7534543924696298,0.0,0.0
2025-05-21T00:07:42.078684,0.14772322344521516,0.0,0.0,0.7681468570745025,0.0,0.0
2025-05-21T00:07:42.178653,0.14772322344521516,0.0,0.0,0.782912438318482,0.0,0.0
2025-05-21T00:07:42.278672,0.14772322344521516,0.0,0.0,0.79769908109916,0.0,0.0
2025-05-21T00:07:42.378632,0.14772322344521516,0.0,0.0,0.812543555055856,0.0,0.0
2025-05-21T00:07:42.478684,0.14772322344521516,0.0,0.0,0.827231159306106,0.0,0.0
2025-05-21T00:07:42.578677,0.14772322344521516,0.0,0.0,0.8420164637282648,0.0,0.0
2025-05-21T00:07:42.678657,0.14772322344521516,0.0,0.0,0.856805360586449,0.0,0.0
2025-05-21T00:07:42.778619,0.14772322344521516,0.0,0.0,0.8716946343335804,0.0,0.0
2025-05-21T00:07:42.878684,0.14772322344521516,0.0,0.0,0.8863478286819002,0.0,0.0
2025-05-21T00:07:42.978637,0.14772322344521516,0.0,0.0,0.9011864913450256,0.0,0.0
2025-05-21T00:07:43.078643,0.14772322344521516,0.0,0.0,0.9158896275980918,0.0,0.0
2025-05-21T00:07:43.178697,0.14772322344521516,0.0,0.0,0.9306954652575333,0.0,0.0
2025-05-21T00:07:43.278917,0.13295090110069366,0.0,0.0,0.9446987210109179,0.0,0.0
2025-05-21T00:07:43.378681,0.13295090110069366,0.0,0.0,0.9579911992086769,0.0,0.0
2025-05-21T00:07:43.478629,0.11965581099062429,0.0,0.0,0.971287386068333,0.0,0.0
2025-05-21T00:07:43.578627,0.11965581099062429,0.0,0.0,0.9833183423181872,0.0,0.0
2025-05-21T00:07:43.678789,0.11965581099062429,0.0,0.0,0.9952108798947819,0.0,0.0
2025-05-21T00:07:43.778646,0.10769022989156186,0.0,0.0,1.0065737149982772,0.0,0.0
2025-05-21T00:07:43.878634,0.10769022989156186,0.0,0.0,1.0173498141143327,0.0,0.0
2025-05-21T00:07:43.978613,0.09692120690240567,0.0,0.0,1.0281539507143287,0.0,0.0
2025-05-21T00:07:44.078691,0.09692120690240567,0.0,0.0,1.0378172236065324,0.0,0.0
2025-05-21T00:07:44.178662,0.09692120690240567,0.0,0.0,1.0474994680160288,0.0,0.0
2025-05-21T00:07:44.278640,0.09692120690240567,0.0,0.0,1.0572052130748393,0.0,0.0
2025-05-21T00:07:44.378634,0.09692120690240567,0.0,0.0,1.0669413911278938,0.0,0.0
2025-05-21T00:07:44.478649,0.0872290862121651,0.0,0.0,1.0760956149995176,0.0,0.0
2025-05-21T00:07:44.578632,0.0872290862121651,0.0,0.0,1.0848135864046748,0.0,0.0
2025-05-21T00:07:44.678639,0.0872290862121651,0.0,0.0,1.0935592802572083,0.0,0.0
2025-05-21T00:07:44.778620,0.0872290862121651,0.0,0.0,1.1022674770560137,0.0,0.0
2025-05-21T00:07:44.878667,0.0872290862121651,0.0,0.0,1.1109900654028944,0.0,0.0
2025-05-21T00:07:44.982233,0.0872290862121651,0.0,0.0,1.1197084111546776,0.0,0.0
2025-05-21T00:07:45.078677,0.0872290862121651,0.0,0.0,1.1284475123471822,0.0,0.0
2025-05-21T00:07:45.178673,0.0872290862121651,0.0,0.0,1.1371907313525755,0.0,0.0
2025-05-21T00:07:45.278679,0.0872290862121651,0.0,0.0,1.1458816666125045,0.0,0.0
2025-05-21T00:07:45.378688,0.0872290862121651,0.0,0.0,1.154601093810097,0.0,0.0
2025-05-21T00:07:45.478722,0.0872290862121651,0.0,0.0,1.1633461013604824,0.0,0.0
2025-05-21T00:07:45.578683,0.0872290862121651,0.0,0.0,1.1720552964169577,0.0,0.0
2025-05-21T00:07:45.678707,0.0872290862121651,0.0,0.0,1.1811102629738686,0.0,0.0
2025-05-21T00:07:45.778677,0.0872290862121651,0.0,0.0,1.189491509588724,0.0,0.0
2025-05-21T00:07:45.878663,0.0872290862121651,0.0,0.0,1.1982279279637407,0.0,0.0
2025-05-21T00:07:45.978665,0.0872290862121651,0.0,0.0,1.2069916320484033,0.0,0.0
2025-05-21T00:07:46.078670,0.0872290862121651,0.0,0.0,1.2156619990409236,0.0,0.0
2025-05-21T00:07:46.178672,0.0872290862121651,0.0,0.0,1.2243806775452635,0.0,0.0
2025-05-21T00:07:46.278668,0.0872290862121651,0.0,0.0,1.2331130820925655,0.0,0.0
2025-05-21T00:07:46.378672,0.0872290862121651,0.0,0.0,1.2418564258801676,0.0,0.0
2025-05-21T00:07:46.478878,0.0872290862121651,0.0,0.0,1.250558757915162,0.0,0.0
2025-05-21T00:07:46.578667,0.0872290862121651,0.0,0.0,1.2592728818688828,0.0,0.0
2025-05-21T00:07:46.678727,0.0872290862121651,0.0,0.0,1.268003289900845,0.0,0.0
2025-05-21T00:07:46.778687,0.0872290862121651,0.0,0.0,1.2768033056082528,0.0,0.0
2025-05-21T00:07:46.878677,0.0872290862121651,0.0,0.0,1.285448113045015,0.0,0.0
2025-05-21T00:07:46.978649,0.0872290862121651,0.0,0.0,1.2941611763499614,0.0,0.0
2025-05-21T00:07:47.078653,0.0872290862121651,0.0,0.0,1.3029155425660028,0.0,0.0
2025-05-21T00:07:47.178653,0.0872290862121651,0.0,0.0,1.3116286890590885,0.0,0.0
2025-05-21T00:07:47.278800,0.0872290862121651,0.0,0.0,1.320335159704006,0.0,0.0
2025-05-21T00:07:47.378677,0.0872290862121651,0.0,0.0,1.3290610963734881,0.0,0.0
2025-05-21T00:07:47.478674,0.0872290862121651,0.0,0.0,1.3377863259437872,0.0,0.0
2025-05-21T00:07:47.578660,0.0872290862121651,0.0,0.0,1.3466041231159411,0.0,0.0
2025-05-21T00:07:47.678681,0.0872290862121651,0.0,0.0,1.355236140376307,0.0,0.0
2025-05-21T00:07:47.778673,0.0872290862121651,0.0,0.0,1.3639426318182593,0.0,0.0
2025-05-21T00:07:47.878733,0.0872290862121651,0.0,0.0,1.3726736845583,0.0,0.0
2025-05-21T00:07:47.978746,0.0872290862121651,0.0,0.0,1.3813938188550754,0.0,0.0
2025-05-21T00:07:48.078714,0.0872290862121651,0.0,0.0,1.3901163448108518,0.0,0.0
2025-05-21T00:07:48.178750,0.0872290862121651,0.0,0.0,1.39884065931162,0.0,0.0
2025-05-21T00:07:48.278670,0.0872290862121651,0.0,0.0,1.4075683637290595,0.0,0.0
2025-05-21T00:07:48.378744,0.0872290862121651,0.0,0.0,1.4163088583228953,0.0,0.0
2025-05-21T00:07:48.478682,0.0872290862121651,0.0,0.0,1.4250085283374363,0.0,0.0
2025-05-21T00:07:48.578724,0.0872290862121651,0.0,0.0,1.4337320941449523,0.0,0.0
2025-05-21T00:07:48.678781,0.0872290862121651,0.0,0.0,1.4424590290721042,0.0,0.0
2025-05-21T00:07:48.778668,0.0872290862121651,0.0,0.0,1.4511767925069134,0.0,0.0
2025-05-21T00:07:48.878754,0.0872290862121651,0.0,0.0,1.459902583597152,0.0,0.0
2025-05-21T00:07:48.978681,0.0872290862121651,0.0,0.0,1.4686186000810388,0.0,0.0
2025-05-21T00:07:49.078638,0.0872290862121651,0.0,0.0,1.4773527723762983,0.0,0.0
2025-05-21T00:07:49.178663,0.0872290862121651,0.0,0.0,1.486096740074944,0.0,0.0
2025-05-21T00:07:49.278694,0.0872290862121651,0.0,0.0,1.494792042712179,0.0,0.0
2025-05-21T00:07:49.378675,0.0872290862121651,0.0,0.0,1.5035204958228707,0.0,0.0
2025-05-21T00:07:49.478665,0.0872290862121651,0.0,0.0,1.5122420651150466,0.0,0.0
2025-05-21T00:07:49.578670,0.0872290862121651,0.0,0.0,1.5209756134992622,0.0,0.0
2025-05-21T00:07:49.678737,0.0872290862121651,0.0,0.0,1.5296790061830308,0.0,0.0
2025-05-21T00:07:49.778827,0.0872290862121651,0.0,0.0,1.5384068977737833,0.0,0.0
2025-05-21T00:07:49.878642,0.0872290862121651,0.0,0.0,1.5471352261022664,0.0,0.0
2025-05-21T00:07:49.978661,0.0872290862121651,0.0,0.0,1.5558760534486589,0.0,0.0
2025-05-21T00:07:50.078685,0.0872290862121651,0.0,0.0,1.5645762433890695,0.0,0.0
2025-05-21T00:07:50.178667,0.0872290862121651,0.0,0.0,1.5733138056009999,0.0,0.0
2025-05-21T00:07:50.278662,0.0872290862121651,0.0,0.0,1.5820253923164762,0.0,0.0
2025-05-21T00:07:50.378647,0.0872290862121651,0.0,0.0,1.5907407432952496,0.0,0.0
2025-05-21T00:07:50.478763,0.0872290862121651,0.0,0.0,1.599458881076685,0.0,0.0
2025-05-21T00:07:50.578697,0.0872290862121651,0.0,0.0,1.6081877709251073,0.0,0.0
2025-05-21T00:07:50.678698,0.0872290862121651,0.0,0.0,1.616917326278643,0.0,0.0
2025-05-21T00:07:50.778664,0.0872290862121651,0.0,0.0,1.6256416199823767,0.0,0.0
2025-05-21T00:07:50.878681,0.0872290862121651,0.0,0.0,1.634353893000001,0.0,0.0
2025-05-21T00:07:50.978672,0.0872290862121651,0.0,0.0,1.6430835939327801,0.0,0.0
2025-05-21T00:07:51.078667,0.0872290862121651,0.0,0.0,1.6518059119182085,0.0,0.0
2025-05-21T00:07:51.178641,0.0872290862121651,0.0,0.0,1.6605304759833943,0.0,0.0
2025-05-21T00:07:51.278729,0.0872290862121651,0.0,0.0,1.6692553935981718,0.0,0.0
2025-05-21T00:07:51.378718,0.0872290862121651,0.0,0.0,1.6779829732334022,0.0,0.0
2025-05-21T00:07:51.478760,0.0872290862121651,0.0,0.0,1.6866945391518438,0.0,0.0
2025-05-21T00:07:51.578681,0.0872290862121651,0.0,0.0,1.695454894913905,0.0,0.0
2025-05-21T00:07:51.678680,0.0872290862121651,0.0,0.0,1.704145019089477,0.0,0.0
2025-05-21T00:07:51.778689,0.0872290862121651,0.0,0.0,1.7128640095493388,0.0,0.0
2025-05-21T00:07:51.878675,0.0872290862121651,0.0,0.0,1.7215983482208765,0.0,0.0
2025-05-21T00:07:51.978669,0.0872290862121651,0.0,0.0,1.730306129078986,0.0,0.0
2025-05-21T00:07:52.078926,0.0872290862121651,0.0,0.0,1.7390281559059275,0.0,0.0
2025-05-21T00:07:52.178835,0.0872290862121651,0.0,0.0,1.747756026699645,0.0,0.0
2025-05-21T00:07:52.278691,0.0872290862121651,0.0,0.0,1.7565008054826479,0.0,0.0
2025-05-21T00:07:52.378668,0.0872290862121651,0.0,0.0,1.7652582704568731,0.0,0.0
2025-05-21T00:07:52.478768,0.0872290862121651,0.0,0.0,1.7739254555030706,0.0,0.0
2025-05-21T00:07:52.578666,0.0872290862121651,0.0,0.0,1.7826482102262295,0.0,0.0
2025-05-21T00:07:52.678683,0.0872290862121651,0.0,0.0,1.7913734397965286,0.0,0.0
2025-05-21T00:07:52.778653,0.0872290862121651,0.0,0.0,1.8001060731112135,0.0,0.0
2025-05-21T00:07:52.878838,0.0872290862121651,0.0,0.0,1.808813957954497,0.0,0.0
2025-05-21T00:07:52.978728,0.0872290862121651,0.0,0.0,1.8175406225201969,0.0,0.0
2025-05-21T00:07:53.078667,0.0872290862121651,0.0,0.0,1.8262670375214791,0.0,0.0
2025-05-21T00:07:53.178686,0.0872290862121651,0.0,0.0,1.8349956154143796,0.0,0.0
2025-05-21T00:07:53.278660,0.0872290862121651,0.0,0.0,1.8437069525654384,0.0,0.0
2025-05-21T00:07:53.378654,0.0872290862121651,0.0,0.0,1.8524307055462674,0.0,0.0
2025-05-21T00:07:53.478654,0.0872290862121651,0.0,0.0,1.861155706349184,0.0,0.0
2025-05-21T00:07:53.578691,0.0872290862121651,0.0,0.0,1.8698798752707086,0.0,0.0
2025-05-21T00:07:53.678793,0.0872290862121651,0.0,0.0,1.8786001343496928,0.0,0.0
2025-05-21T00:07:53.778734,0.0872290862121651,0.0,0.0,1.8873230346520953,0.0,0.0
2025-05-21T00:07:53.878684,0.0872290862121651,0.0,0.0,1.8960453318404888,0.0,0.0
2025-05-21T00:07:53.978691,0.0872290862121651,0.0,0.0,1.904812384247753,0.0,0.0
2025-05-21T00:07:54.078703,0.0872290862121651,0.0,0.0,1.913487763325658,0.0,0.0
2025-05-21T00:07:54.178688,0.0872290862121651,0.0,0.0,1.9222211245365606,0.0,0.0
2025-05-21T00:07:54.278707,0.0872290862121651,0.0,0.0,1.9309432761457106,0.0,0.0
2025-05-21T00:07:54.378657,0.0872290862121651,0.0,0.0,1.939664907828991,0.0,0.0
2025-05-21T00:07:54.478744,0.0872290862121651,0.0,0.0,1.9483776383813807,0.0,0.0
2025-05-21T00:07:54.578763,0.0872290862121651,0.0,0.0,1.9571025767931929,0.0,0.0
2025-05-21T00:07:54.678678,0.0872290862121651,0.0,0.0,1.965835792424852,0.0,0.0
2025-05-21T00:07:54.778727,0.0872290862121651,0.0,0.0,1.9745984982518447,0.0,0.0
2025-05-21T00:07:54.878760,0.0872290862121651,0.0,0.0,1.9832687404621565,0.0,0.0
2025-05-21T00:07:54.978684,0.0872290862121651,0.0,0.0,1.9920064066592609,0.0,0.0
2025-05-21T00:07:55.078835,0.0872290862121651,0.0,0.0,2.0007278303721936,0.0,0.0
2025-05-21T00:07:55.178679,0.0872290862121651,0.0,0.0,2.009442391063645,0.0,0.0
2025-05-21T00:07:55.278876,0.0872290862121651,0.0,0.0,2.018169908307771,0.0,0.0
2025-05-21T00:07:55.378737,0.0872290862121651,0.0,0.0,2.026890874485938,0.0,0.0
2025-05-21T00:07:55.478727,0.0872290862121651,0.0,0.0,2.035624422870154,0.0,0.0
2025-05-21T00:07:55.578667,0.0872290862121651,0.0,0.0,2.0443809519778138,0.0,0.0
2025-05-21T00:07:55.678791,0.0872290862121651,0.0,0.0,2.053055395189153,0.0,0.0
2025-05-21T00:07:55.778698,0.0872290862121651,0.0,0.0,2.061794496381658,0.0,0.0
2025-05-21T00:07:55.878652,0.0872290862121651,0.0,0.0,2.070507850845092,0.0,0.0
2025-05-21T00:07:55.978660,0.0872290862121651,0.0,0.0,2.0792289833995374,0.0,0.0
2025-05-21T00:07:56.078784,0.0872290862121651,0.0,0.0,2.087955315212681,0.0,0.0
2025-05-21T00:07:56.178700,0.0872290862121651,0.0,0.0,2.096666007655661,0.0,0.0
2025-05-21T00:07:56.278665,0.0872290862121651,0.0,0.0,2.10540569116514,0.0,0.0
2025-05-21T00:07:56.378668,0.0872290862121651,0.0,0.0,2.1141502827748297,0.0,0.0
2025-05-21T00:07:56.478693,0.0872290862121651,0.0,0.0,2.122844025634455,0.0,0.0
2025-05-21T00:07:56.578635,0.0872290862121651,0.0,0.0,2.1315618722574032,0.0,0.0
2025-05-21T00:07:56.678633,0.0872290862121651,0.0,0.0,2.140298415414629,0.0,0.0
2025-05-21T00:07:56.778629,0.0872290862121651,0.0,0.0,2.1490122482098624,0.0,0.0
2025-05-21T00:07:56.878697,0.0872290862121651,0.0,0.0,2.1577424066774067,0.0,0.0
2025-05-21T00:07:56.978710,0.0872290862121651,0.0,0.0,2.166466305237479,0.0,0.0
2025-05-21T00:07:57.078678,0.0872290862121651,0.0,0.0,2.175197732324146,0.0,0.0
2025-05-21T00:07:57.178690,0.0872290862121651,0.0,0.0,2.183949561301943,0.0,0.0
2025-05-21T00:07:57.278707,0.0872290862121651,0.0,0.0,2.192644323216273,0.0,0.0
2025-05-21T00:07:57.378639,0.0872290862121651,0.0,0.0,2.2013722771981294,0.0,0.0
2025-05-21T00:07:57.478693,0.0872290862121651,0.0,0.0,2.2100996280659775,0.0,0.0
2025-05-21T00:07:57.578669,0.0872290862121651,0.0,0.0,2.218808407181757,0.0,0.0
2025-05-21T00:07:57.678666,0.0872290862121651,0.0,0.0,2.227547861923853,0.0,0.0
2025-05-21T00:07:57.778692,0.0872290862121651,0.0,0.0,2.236255705173067,0.0,0.0
2025-05-21T00:07:57.878661,0.0872290862121651,0.0,0.0,2.2449919779688403,0.0,0.0
2025-05-21T00:07:57.978665,0.0872290862121651,0.0,0.0,2.2537251104123603,0.0,0.0
2025-05-21T00:07:58.078758,0.0872290862121651,0.0,0.0,2.262403900203971,0.0,0.0
2025-05-21T00:07:58.178670,0.0872290862121651,0.0,0.0,2.2711320621561755,0.0,0.0
2025-05-21T00:07:58.278670,0.0872290862121651,0.0,0.0,2.2798660264810873,0.0,0.0
2025-05-21T00:07:58.378626,0.0872290862121651,0.0,0.0,2.288593418943005,0.0,0.0
2025-05-21T00:07:58.478688,0.0872290862121651,0.0,0.0,2.297301886103263,0.0,0.0
2025-05-21T00:07:58.578693,0.0872290862121651,0.0,0.0,2.306016155636227,0.0,0.0
2025-05-21T00:07:58.678665,0.0872290862121651,0.0,0.0,2.314753738645192,0.0,0.0
2025-05-21T00:07:58.778675,0.0872290862121651,0.0,0.0,2.323491779188923,0.0,0.0
2025-05-21T00:07:58.878671,0.0872290862121651,0.0,0.0,2.332193799268395,0.0,0.0
2025-05-21T00:07:58.978629,0.0872290862121651,0.0,0.0,2.340909087856064,0.0,0.0
2025-05-21T00:07:59.078669,0.0872290862121651,0.0,0.0,2.3496421787055146,0.0,0.0
2025-05-21T00:07:59.178657,0.0872290862121651,0.0,0.0,2.358376351000774,0.0,0.0
2025-05-21T00:07:59.278657,0.0872290862121651,0.0,0.0,2.3670814698384306,0.0,0.0
2025-05-21T00:07:59.378690,0.0872290862121651,0.0,0.0,2.375804078982346,0.0,0.0
2025-05-21T00:07:59.478678,0.0872290862121651,0.0,0.0,2.384546070962687,0.0,0.0
2025-05-21T00:07:59.578652,0.0872290862121651,0.0,0.0,2.393304180644991,0.0,0.0
2025-05-21T00:07:59.678665,0.0872290862121651,0.0,0.0,2.40197519234559,0.0,0.0
2025-05-21T00:07:59.778676,0.0872290862121651,0.0,0.0,2.410698030256888,0.0,0.0
2025-05-21T00:07:59.878665,0.0872290862121651,0.0,0.0,2.4194216376584734,0.0,0.0
2025-05-21T00:07:59.978645,0.0872290862121651,0.0,0.0,2.4281623610196923,0.0,0.0
2025-05-21T00:08:00.078700,0.0872290862121651,0.0,0.0,2.4368668351492704,0.0,0.0
2025-05-21T00:08:00.178669,0.0872290862121651,0.0,0.0,2.445587718139298,0.0,0.0
2025-05-21T00:08:00.278666,0.0872290862121651,0.0,0.0,2.4543187708793384,0.0,0.0
2025-05-21T00:08:00.378657,0.0872290862121651,0.0,0.0,2.463092000005935,0.0,0.0
2025-05-21T00:08:00.478680,0.0872290862121651,0.0,0.0,2.4717644467019344,0.0,0.0
2025-05-21T00:08:00.578699,0.0872290862121651,0.0,0.0,2.4804820229634306,0.0,0.0
2025-05-21T00:08:00.678664,0.0872290862121651,0.0,0.0,2.4892053184094944,0.0,0.0
2025-05-21T00:08:00.778660,0.0872290862121651,0.0,0.0,2.4979464993054785,0.0,0.0
2025-05-21T00:08:00.878695,0.0872290862121651,0.0,0.0,2.5066439856313663,0.0,0.0
2025-05-21T00:08:00.978698,0.0872290862121651,0.0,0.0,2.5153760782231465,0.0,0.0
2025-05-21T00:08:01.078743,0.0872290862121651,0.0,0.0,2.524105654373717,0.0,0.0
2025-05-21T00:08:01.178697,0.0872290862121651,0.0,0.0,2.5329025297288714,0.0,0.0
2025-05-21T00:08:01.278761,0.0872290862121651,0.0,0.0,2.5415435521053014,0.0,0.0
2025-05-21T00:08:01.378675,0.0872290862121651,0.0,0.0,2.550266161249217,0.0,0.0
2025-05-21T00:08:01.478654,0.0872290862121651,0.0,0.0,2.5590014357873203,0.0,0.0
2025-05-21T00:08:01.578638,0.0872290862121651,0.0,0.0,2.567724398480827,0.0,0.0
2025-05-21T00:08:01.678742,0.0872290862121651,0.0,0.0,2.576433406363989,0.0,0.0
2025-05-21T00:08:01.778665,0.0872290862121651,0.0,0.0,2.585158656731323,0.0,0.0
2025-05-21T00:08:01.878681,0.0872290862121651,0.0,0.0,2.593889688674329,0.0,0.0
2025-05-21T00:08:01.978665,0.0872290862121651,0.0,0.0,2.602631035946591,0.0,0.0
2025-05-21T00:08:02.078644,0.0872290862121651,0.0,0.0,2.6113338463133857,0.0,0.0
2025-05-21T00:08:02.178668,0.0872290862121651,0.0,0.0,2.620046992806471,0.0,0.0
2025-05-21T00:08:02.278668,0.0872290862121651,0.0,0.0,2.628780458002548,0.0,0.0
2025-05-21T00:08:02.378666,0.0872290862121651,0.0,0.0,2.6374981798432873,0.0,0.0
2025-05-21T00:08:02.478661,0.0872290862121651,0.0,0.0,2.6462258842607267,0.0,0.0
2025-05-21T00:08:02.578683,0.0872290862121651,0.0,0.0,2.6549504275288776,0.0,0.0
2025-05-21T00:08:02.678700,0.0872290862121651,0.0,0.0,2.663677008906438,0.0,0.0
2025-05-21T00:08:02.778640,0.0872290862121651,0.0,0.0,2.672460075030491,0.0,0.0
2025-05-21T00:08:02.878658,0.0872290862121651,0.0,0.0,2.6811152601876143,0.0,0.0
2025-05-21T00:08:02.978670,0.0872290862121651,0.0,0.0,2.6898268261060556,0.0,0.0
2025-05-21T00:08:03.078670,0.0872290862121651,0.0,0.0,2.69855754609354,0.0,0.0
2025-05-21T00:08:03.178709,0.0872290862121651,0.0,0.0,2.707319295256932,0.0,0.0
2025-05-21T00:08:03.278728,0.0872290862121651,0.0,0.0,2.7160040745945624,0.0,0.0
2025-05-21T00:08:03.378674,0.0872290862121651,0.0,0.0,2.724726392579991,0.0,0.0
2025-05-21T00:08:03.478625,0.0872290862121651,0.0,0.0,2.7334595874146155,0.0,0.0
2025-05-21T00:08:03.578702,0.0872290862121651,0.0,0.0,2.7422601854389974,0.0,0.0
2025-05-21T00:08:03.678710,0.0872290862121651,0.0,0.0,2.750890934080241,0.0,0.0
2025-05-21T00:08:03.778640,0.0872290862121651,0.0,0.0,2.7596123785902082,0.0,0.0
2025-05-21T00:08:03.878667,0.0872290862121651,0.0,0.0,2.7683495040644077,0.0,0.0
2025-05-21T00:08:03.978752,0.0872290862121651,0.0,0.0,2.777349504058366,0.0,0.0
2025-05-21T00:08:04.078879,0.0872290862121651,0.0,0.0,2.7858148954759856,0.0,0.0
2025-05-21T00:08:04.178692,0.0872290862121651,0.0,0.0,2.794502482413313,0.0,0.0
2025-05-21T00:08:04.278681,0.0872290862121651,0.0,0.0,2.8032495696671775,0.0,0.0
2025-05-21T00:08:04.378713,0.0872290862121651,0.0,0.0,2.8119977175698163,0.0,0.0
2025-05-21T00:08:04.478724,0.0872290862121651,0.0,0.0,2.820679502134437,0.0,0.0
2025-05-21T00:08:04.578674,0.0872290862121651,0.0,0.0,2.8293991996934813,0.0,0.0
2025-05-21T00:08:04.678678,0.0872290862121651,0.0,0.0,2.838122162386988,0.0,0.0
2025-05-21T00:08:04.778671,0.0872290862121651,0.0,0.0,2.8468629689363456,0.0,0.0
2025-05-21T00:08:04.878723,0.0872290862121651,0.0,0.0,2.855568503714698,0.0,0.0
2025-05-21T00:08:04.978674,0.0872290862121651,0.0,0.0,2.864284104257889,0.0,0.0
2025-05-21T00:08:05.078648,0.0872290862121651,0.0,0.0,2.8730182973501828,0.0,0.0
2025-05-21T00:08:05.178664,0.0872290862121651,0.0,0.0,2.8818143408239454,0.0,0.0
2025-05-21T00:08:05.278688,0.0872290862121651,0.0,0.0,2.890465283385971,0.0,0.0
2025-05-21T00:08:05.378645,0.0872290862121651,0.0,0.0,2.899179469730796,0.0,0.0
2025-05-21T00:08:05.478650,0.0872290862121651,0.0,0.0,2.9079112711640893,0.0,0.0
2025-05-21T00:08:05.578674,0.0872290862121651,0.0,0.0,2.9167023857406065,0.0,0.0
2025-05-21T00:08:05.678767,0.0872290862121651,0.0,0.0,2.925347983464691,0.0,0.0
2025-05-21T00:08:05.778824,0.0872290862121651,0.0,0.0,2.9340653725528743,0.0,0.0
2025-05-21T00:08:05.878781,0.0872290862121651,0.0,0.0,2.9427996696303422,0.0,0.0
2025-05-21T00:08:05.978757,0.0872290862121651,0.0,0.0,2.9515811759767856,0.0,0.0
2025-05-21T00:08:06.078665,0.0872290862121651,0.0,0.0,2.960243099373181,0.0,0.0
2025-05-21T00:08:06.178715,0.0872290862121651,0.0,0.0,2.968960987590199,0.0,0.0
2025-05-21T00:08:06.278786,0.0872290862121651,0.0,0.0,2.977684865353237,0.0,0.0
2025-05-21T00:08:06.378723,0.0872290862121651,0.0,0.0,2.9864164796132173,0.0,0.0
2025-05-21T00:08:06.478668,0.0872290862121651,0.0,0.0,2.9951240109069093,0.0,0.0
2025-05-21T00:08:06.578792,0.0872290862121651,0.0,0.0,3.0038592022568738,0.0,0.0
2025-05-21T00:08:06.678738,0.0872290862121651,0.0,0.0,3.0125887784074443,0.0,0.0
2025-05-21T00:08:06.779150,0.0872290862121651,0.0,0.0,3.021459296062794,0.0,0.0
2025-05-21T00:08:06.879071,0.0872290862121651,0.0,0.0,3.0303491757575336,0.0,0.0
2025-05-21T00:08:06.978719,0.0872290862121651,0.0,0.0,3.0389243547218157,0.0,0.0
2025-05-21T00:08:07.078734,0.0872290862121651,0.0,0.0,3.047488844010215,0.0,0.0
2025-05-21T00:08:07.178694,0.0872290862121651,0.0,0.0,3.0562026768054484,0.0,0.0
2025-05-21T00:08:07.278719,0.0872290862121651,0.0,0.0,3.0649200658936313,0.0,0.0
2025-05-21T00:08:07.378735,0.0872290862121651,0.0,0.0,3.073649205306471,0.0,0.0
2025-05-21T00:08:07.478664,0.0872290862121651,0.0,0.0,3.0823784695015197,0.0,0.0
2025-05-21T00:08:07.578674,0.0872290862121651,0.0,0.0,3.091191192197185,0.0,0.0
2025-05-21T00:08:07.678848,0.0872290862121651,0.0,0.0,3.0998162840449655,0.0,0.0
2025-05-21T00:08:07.778678,0.0872290862121651,0.0,0.0,3.1085379573223157,0.0,0.0
2025-05-21T00:08:07.878682,0.0872290862121651,0.0,0.0,3.1172633116748236,0.0,0.0
2025-05-21T00:08:07.978664,0.0872290862121651,0.0,0.0,3.125985608863217,0.0,0.0
2025-05-21T00:08:08.078807,0.0872290862121651,0.0,0.0,3.1347262698333314,0.0,0.0
2025-05-21T00:08:08.178652,0.0872290862121651,0.0,0.0,3.1434313054828484,0.0,0.0
2025-05-21T00:08:08.278647,0.0872290862121651,0.0,0.0,3.1521484034125447,0.0,0.0
2025-05-21T00:08:08.378675,0.0872290862121651,0.0,0.0,3.1608887108330674,0.0,0.0
2025-05-21T00:08:08.478668,0.0872290862121651,0.0,0.0,3.1696033131185883,0.0,0.0
2025-05-21T00:08:08.578658,0.0872290862121651,0.0,0.0,3.178318435329979,0.0,0.0
2025-05-21T00:08:08.678650,0.0872290862121651,0.0,0.0,3.1870456198215487,0.0,0.0
2025-05-21T00:08:08.778675,0.0872290862121651,0.0,0.0,3.1957790642205905,0.0,0.0
2025-05-21T00:08:08.878714,0.0872290862121651,0.0,0.0,3.204494498387503,0.0,0.0
2025-05-21T00:08:08.978672,0.0872290862121651,0.0,0.0,3.213221682879073,0.0,0.0
2025-05-21T00:08:09.078682,0.0872290862121651,0.0,0.0,3.221953713079749,0.0,0.0
2025-05-21T00:08:09.178669,0.0872290862121651,0.0,0.0,3.2306818542349194,0.0,0.0
2025-05-21T00:08:09.278660,0.0872290862121651,0.0,0.0,3.239386723508158,0.0,0.0
2025-05-21T00:08:09.378707,0.0872290862121651,0.0,0.0,3.2481150102425715,0.0,0.0
2025-05-21T00:08:09.478679,0.0872290862121651,0.0,0.0,3.2568188604611055,0.0,0.0
2025-05-21T00:08:09.578675,0.0872290862121651,0.0,0.0,3.265563452070795,0.0,0.0
2025-05-21T00:08:09.678705,0.0872290862121651,0.0,0.0,3.274298019509715,0.0,0.0
2025-05-21T00:08:09.778638,0.0872290862121651,0.0,0.0,3.282991907948584,0.0,0.0
2025-05-21T00:08:09.878666,0.0872290862121651,0.0,0.0,3.2917350021717686,0.0,0.0
2025-05-21T00:08:09.978737,0.0872290862121651,0.0,0.0,3.3004405577471556,0.0,0.0
2025-05-21T00:08:10.078725,0.0872290862121651,0.0,0.0,3.3091769553251376,0.0,0.0
2025-05-21T00:08:10.178661,0.0872290862121651,0.0,0.0,3.3178886876198574,0.0,0.0
2025-05-21T00:08:10.278689,0.0872290862121651,0.0,0.0,3.3266061390991446,0.0,0.0
2025-05-21T00:08:10.378691,0.0872290862121651,0.0,0.0,3.335331909392348,0.0,0.0
2025-05-21T00:08:10.478836,0.0872290862121651,0.0,0.0,3.34405684780416,0.0,0.0
2025-05-21T00:08:10.578760,0.0872290862121651,0.0,0.0,3.3527781675319184,0.0,0.0
2025-05-21T00:08:10.678715,0.0872290862121651,0.0,0.0,3.3614951406794056,0.0,0.0
2025-05-21T00:08:10.778657,0.0872290862121651,0.0,0.0,3.370231496663318,0.0,0.0
2025-05-21T00:08:10.878696,0.0872290862121651,0.0,0.0,3.378939007159975,0.0,0.0
2025-05-21T00:08:10.978706,0.0872290862121651,0.0,0.0,3.3876647774531787,0.0,0.0
2025-05-21T00:08:11.078839,0.0872290862121651,0.0,0.0,3.396384828561815,0.0,0.0
2025-05-21T00:08:11.178695,0.0872290862121651,0.0,0.0,3.4051053580022512,0.0,0.0
2025-05-21T00:08:11.278708,0.0872290862121651,0.0,0.0,3.4138325840878903,0.0,0.0
2025-05-21T00:08:11.378744,0.0872290862121651,0.0,0.0,3.4225565242420326,0.0,0.0
2025-05-21T00:08:11.478669,0.0872290862121651,0.0,0.0,3.431276845712121,0.0,0.0
2025-05-21T00:08:11.578813,0.0872290862121651,0.0,0.0,3.4400076696847792,0.0,0.0
2025-05-21T00:08:11.678679,0.0872290862121651,0.0,0.0,3.4487222719703,0.0,0.0
2025-05-21T00:08:11.778708,0.0872290862121651,0.0,0.0,3.4574422814848664,0.0,0.0
2025-05-21T00:08:11.878684,0.0872290862121651,0.0,0.0,3.4661709217688714,0.0,0.0
2025-05-21T00:08:11.978670,0.0872290862121651,0.0,0.0,3.47489072331309,0.0,0.0
2025-05-21T00:08:12.078846,0.0872290862121651,0.0,0.0,3.483618968453434,0.0,0.0
2025-05-21T00:08:12.178680,0.0872290862121651,0.0,0.0,3.492359359062096,0.0,0.0
2025-05-21T00:08:12.278693,0.0872290862121651,0.0,0.0,3.5010642907264393,0.0,0.0
2025-05-21T00:08:12.378673,0.0872290862121651,0.0,0.0,3.509783842706241,0.0,0.0
2025-05-21T00:08:12.478671,0.0872290862121651,0.0,0.0,3.518503519468251,0.0,0.0
2025-05-21T00:08:12.578652,0.0872290862121651,0.0,0.0,3.527227958751228,0.0,0.0
2025-05-21T00:08:12.678670,0.0872290862121651,0.0,0.0,3.5359476771073077,0.0,0.0
2025-05-21T00:08:12.778710,0.0872290862121651,0.0,0.0,3.544669703934249,0.0,0.0
2025-05-21T00:08:12.878765,0.0872290862121651,0.0,0.0,3.553410094542911,0.0,0.0
2025-05-21T00:08:12.978703,0.0872290862121651,0.0,0.0,3.5621213069117608,0.0,0.0
2025-05-21T00:08:13.078971,0.0872290862121651,0.0,0.0,3.5708420235255103,0.0,0.0
2025-05-21T00:08:13.178661,0.0872290862121651,0.0,0.0,3.579582642901555,0.0,0.0
2025-05-21T00:08:13.278739,0.0872290862121651,0.0,0.0,3.5882919211461695,0.0,0.0
2025-05-21T00:08:13.378668,0.0,0.0,0.1744581724243302,3.5970090398729,0.0,0.0
2025-05-21T00:08:13.478799,0.0,0.0,0.1744581724243302,3.5970090398729,0.0,0.017444968723413723
2025-05-21T00:08:13.578671,0.0,0.0,0.1744581724243302,3.5970090398729,0.0,0.03490595116361651
2025-05-21T00:08:13.678715,0.0,0.0,0.1744581724243302,3.5970090398729,0.0,0.05237051069380305
2025-05-21T00:08:13.778713,0.0,0.0,0.1744581724243302,3.5970090398729,0.0,0.06981805824953069
2025-05-21T00:08:13.878714,0.0,0.0,0.1744581724243302,3.5970090398729,0.0,0.08726090567539567
2025-05-21T00:08:13.978660,0.0,0.0,0.1744581724243302,3.5970090398729,0.0,0.10470038398162408
2025-05-21T00:08:14.078547,0.0,0.0,0.1744581724243302,3.5970090398729,0.0,0.12214231633795779
2025-05-21T00:08:14.178675,0.0,0.0,0.1744581724243302,3.5970090398729,0.0,0.13961240787939921
2025-05-21T00:08:14.278660,0.0,0.0,0.1744581724243302,3.5970090398729,0.0,0.15703820173673533
2025-05-21T00:08:14.378684,0.0,0.0,0.1744581724243302,3.5970090398729,0.0,0.1744537218588844
2025-05-21T00:08:14.478761,0.0,0.0,0.1744581724243302,3.5970090398729,0.0,0.19194723086150003
2025-05-21T00:08:14.578670,0.0,0.0,0.1744581724243302,3.5970090398729,0.0,0.20936379083538892
2025-05-21T00:08:14.678676,0.0,0.0,0.1744581724243302,3.5970090398729,0.0,0.22680564000358405
2025-05-21T00:08:14.778563,0.0,0.0,0.1744581724243302,3.5970090398729,0.0,0.2443138317127622
2025-05-21T00:08:14.878672,0.0,0.0,0.1744581724243302,3.5970090398729,0.0,0.26172070026843874
2025-05-21T00:08:14.978671,0.0,0.0,0.1744581724243302,3.5970090398729,0.0,0.2791668752198699
2025-05-21T00:08:15.078674,0.0,0.0,0.1744581724243302,3.5970090398729,0.0,0.296596870078234
2025-05-21T00:08:15.178687,0.0,0.0,0.1744581724243302,3.5970090398729,0.0,0.3140789823057841
2025-05-21T00:08:15.278678,0.0,0.0,0.1744581724243302,3.5970090398729,0.0,0.33149945212221393
2025-05-21T00:08:15.378672,0.0,0.0,0.1744581724243302,3.5970090398729,0.0,0.3489704171391162
2025-05-21T00:08:15.478717,0.0,0.0,0.1744581724243302,3.5970090398729,0.0,0.3664085228410486
2025-05-21T00:08:15.578680,0.0,0.0,0.1744581724243302,3.5970090398729,0.0,0.383875910767967
2025-05-21T00:08:15.678687,0.0,0.0,0.1744581724243302,3.5970090398729,0.0,0.4012770393420411
2025-05-21T00:08:15.778688,0.0,0.0,0.1744581724243302,3.5970090398729,0.0,0.4187409333671148
2025-05-21T00:08:15.878766,0.0,0.0,0.1744581724243302,3.5970090398729,0.0,0.4361900614974865
2025-05-21T00:08:15.978671,0.0,0.0,0.1744581724243302,3.5970090398729,0.0,0.4536912654029753
2025-05-21T00:08:16.078667,0.0,0.0,0.1744581724243302,3.5970090398729,0.0,0.4710516733829282
2025-05-21T00:08:16.178686,0.0,0.0,0.1744581724243302,3.5970090398729,0.0,0.4885900207925538
2025-05-21T00:08:16.278707,0.0,0.0,0.1744581724243302,3.5970090398729,0.0,0.5059708514606718
2025-05-21T00:08:16.378642,0.0,0.0,0.1744581724243302,3.5970090398729,0.0,0.523402593269958
2025-05-21T00:08:16.478683,0.0,0.0,0.1744581724243302,3.5970090398729,0.0,0.5408372050700453
2025-05-21T00:08:16.578672,0.0,0.0,0.1744581724243302,3.5970090398729,0.0,0.5582846694376333
2025-05-21T00:08:16.678718,0.0,0.0,0.1744581724243302,3.5970090398729,0.0,0.5757638284862433
2025-05-21T00:08:16.778672,0.0,0.0,0.1744581724243302,3.5970090398729,0.0,0.5931872930756827
2025-05-21T00:08:16.878660,0.0,0.0,0.1744581724243302,3.5970090398729,0.0,0.6106363796119849
2025-05-21T00:08:16.978694,0.0,0.0,0.1744581724243302,3.5970090398729,0.0,0.6280778128394839
2025-05-21T00:08:17.078665,0.0,0.0,0.1744581724243302,3.5970090398729,0.0,0.6455096378369096
2025-05-21T00:08:17.178654,0.0,0.0,0.1744581724243302,3.5970090398729,0.0,0.6629486170143033
2025-05-21T00:08:17.278645,0.0,0.0,0.1744581724243302,3.5970090398729,0.0,0.6804024036804681
2025-05-21T00:08:17.378693,0.0,0.0,0.1744581724243302,3.5970090398729,0.0,0.6979031500511913
2025-05-21T00:08:17.478680,0.0,0.0,0.1744581724243302,3.5970090398729,0.0,0.7152744972714443
2025-05-21T00:08:17.578681,0.0872290862121651,0.0,0.0,3.5970090398729,0.0,0.7327385992668658
2025-05-21T00:08:17.678742,0.0872290862121651,0.0,0.0,3.60348880745838,0.005830893638133789,0.7327385992668658
2025-05-21T00:08:17.778691,0.0872290862121651,0.0,0.0,3.609980154118367,0.01167220684008504,0.7327385992668658
2025-05-21T00:08:17.878664,0.0872290862121651,0.0,0.0,3.616455330268429,0.01749896882207225,0.7327385992668658
2025-05-21T00:08:17.978655,0.0872290862121651,0.0,0.0,3.6229485938913517,0.023342007025242948,0.7327385992668658
2025-05-21T00:08:18.078547,0.0872290862121651,0.0,0.0,3.6294301238459825,0.029174486551594617,0.7327385992668658
2025-05-21T00:08:18.178699,0.0872290862121651,0.0,0.0,3.6359208675902077,0.035015257212839754,0.7327385992668658
2025-05-21T00:08:18.278725,0.0872290862121651,0.0,0.0,3.64239571909332,0.040841727057523675,0.7327385992668658
2025-05-21T00:08:18.378533,0.0872290862121651,0.0,0.0,3.6488816549708276,0.04667817130442004,0.7327385992668658
2025-05-21T00:08:18.478841,0.0872290862121651,0.0,0.0,3.655360572290489,0.052508299821045205,0.7327385992668658
2025-05-21T00:08:18.578717,0.0872290862121651,0.0,0.0,3.6618503730126246,0.05834822189298078,0.7327385992668658
2025-05-21T00:08:18.678668,0.0872290862121651,0.0,0.0,3.6683306816763523,0.06417960242662006,0.7327385992668658
2025-05-21T00:08:18.778678,0.0872290862121651,0.0,0.0,3.674825259346449,0.07002382309030408,0.7327385992668658
2025-05-21T00:08:18.878634,0.0872290862121651,0.0,0.0,3.681303218184643,0.07585308910631952,0.7327385992668658
2025-05-21T00:08:18.978689,0.0872290862121651,0.0,0.0,3.6877849954893303,0.0816857912134737,0.7327385992668658
2025-05-21T00:08:19.078793,0.0872290862121651,0.0,0.0,3.694267221115994,0.08751889674833242,0.7327385992668658
2025-05-21T00:08:19.178643,0.0872290862121651,0.0,0.0,3.7007431856943596,0.09334636820662763,0.7327385992668658
2025-05-21T00:08:19.278698,0.0872290862121651,0.0,0.0,3.7072449055973298,0.0991970158909841,0.7327385992668658
2025-05-21T00:08:19.378570,0.0872290862121651,0.0,0.0,3.7137232045418513,0.105026587955603,0.7327385992668658
2025-05-21T00:08:19.478671,0.0872290862121651,0.0,0.0,3.720206079462413,0.11086027776506831,0.7327385992668658
2025-05-21T00:08:19.578644,0.0872290862121651,0.0,0.0,3.7266924945806545,0.11669715326226954,0.7327385992668658
2025-05-21T00:08:19.678648,0.0872290862121651,0.0,0.0,3.733202206982317,0.1225549930888071,0.7327385992668658
2025-05-21T00:08:19.778653,0.0872290862121651,0.0,0.0,3.73965717772466,0.12836357300148932,0.7327385992668658
2025-05-21T00:08:19.878698,0.0872290862121651,0.0,0.0,3.746136512447542,0.1341940771232187,0.7327385992668658
2025-05-21T00:08:19.978641,0.0872290862121651,0.0,0.0,3.7526255402007522,0.14003330363014643,0.7327385992668658
2025-05-21T00:08:20.078873,0.0872290862121651,0.0,0.0,3.759117628910908,0.14587528457450522,0.7327385992668658
2025-05-21T00:08:20.178641,0.0872290862121651,0.0,0.0,3.7656007202627686,0.15170916914217272,0.7327385992668658
2025-05-21T00:08:20.278718,0.0872290862121651,0.0,0.0,3.7720850483649104,0.1575441666138528,0.7327385992668658
2025-05-21T00:08:20.378598,0.0872290862121651,0.0,0.0,3.778594436119624,0.16340171430308706,0.7327385992668658
2025-05-21T00:08:20.478660,0.0872290862121651,0.0,0.0,3.785063134790088,0.16922264745030857,0.7327385992668658
2025-05-21T00:08:20.578676,0.0872290862121651,0.0,0.0,3.7915424231348345,0.1750531098381375,0.7327385992668658
2025-05-21T00:08:20.678572,0.0872290862121651,0.0,0.0,3.7980174756098677,0.18087976052972343,0.7327385992668658
2025-05-21T00:08:20.778634,0.0872290862121651,0.0,0.0,3.804504740993927,0.18671740114843327,0.7327385992668658
2025-05-21T00:08:20.878754,0.0872290862121651,0.0,0.0,3.8109872758081615,0.19255078490929511,0.7327385992668658
2025-05-21T00:08:20.978651,0.0872290862121651,0.0,0.0,3.817468635709629,0.19838311141134504,0.7327385992668658
2025-05-21T00:08:21.078683,0.0872290862121651,0.0,0.0,3.8239565040094505,0.20422129457076102,0.7327385992668658
2025-05-21T00:08:21.178629,0.0872290862121651,0.0,0.0,3.8304484535852,0.21006315031341838,0.7327385992668658
2025-05-21T00:08:21.278644,0.0872290862121651,0.0,0.0,3.8369821744016948,0.2159425943890995,0.7327385992668658
2025-05-21T00:08:21.378568,0.0872290862121651,0.0,0.0,3.8434048659617,0.22172212750705428,0.7327385992668658
2025-05-21T00:08:21.478656,0.0872290862121651,0.0,0.0,3.849882531071702,0.22755112920836673,0.7327385992668658
2025-05-21T00:08:21.578608,0.0872290862121651,0.0,0.0,3.8563766140416864,0.23339490471044574,0.7327385992668658
2025-05-21T00:08:21.678658,0.0872290862121651,0.0,0.0,3.862902265062597,0.239267087087445,0.7327385992668658
2025-05-21T00:08:21.778689,0.0872290862121651,0.0,0.0,3.869341080754393,0.24506112969146338,0.7327385992668658
2025-05-21T00:08:21.878644,0.0872290862121651,0.0,0.0,3.8758240329718467,0.25089488905742946,0.7327385992668658
2025-05-21T00:08:21.978664,0.0872290862121651,0.0,0.0,3.8823172811353914,0.25673791334929996,0.7327385992668658
2025-05-21T00:08:22.078707,0.0872290862121651,0.0,0.0,3.8888306574097613,0.2625990501539747,0.7327385992668658
2025-05-21T00:08:22.180020,0.0872290862121651,0.0,0.0,3.89528765333069,0.2684094524469775,0.7327385992668658
2025-05-21T00:08:22.278701,0.0872290862121651,0.0,0.0,3.9017794328532758,0.2742511551653331,0.7327385992668658
2025-05-21T00:08:22.378655,0.0872290862121651,0.0,0.0,3.908251903612097,0.2800754826697929,0.7327385992668658
2025-05-21T00:08:22.478660,0.0872290862121651,0.0,0.0,3.9147619406607084,0.2859336146336337,0.7327385992668658
2025-05-21T00:08:22.580239,0.0872290862121651,0.0,0.0,3.921358488391485,0.2918695942331522,0.7327385992668658
2025-05-21T00:08:22.678754,0.0872290862121651,0.0,0.0,3.9277191414655133,0.29759330130357764,0.7327385992668658
2025-05-21T00:08:22.778554,0.0872290862121651,0.0,0.0,3.93423463567474,0.3034563439563739,0.7327385992668658
2025-05-21T00:08:22.878655,0.0872290862121651,0.0,0.0,3.9406718126724134,0.3092489119625756,0.7327385992668658
2025-05-21T00:08:22.978650,0.0872290862121651,0.0,0.0,3.9471774592575266,0.31510309311717194,0.7327385992668658
2025-05-21T00:08:23.078789,0.0872290862121651,0.0,0.0,3.9536365112757976,0.3209153456130956,0.7327385992668658
2025-05-21T00:08:23.178692,0.0872290862121651,0.0,0.0,3.960121225862402,0.3267506908672796,0.7327385992668658
2025-05-21T00:08:23.278714,0.0872290862121651,0.0,0.0,3.9666047346174826,0.33258495104005137,0.7327385992668658
2025-05-21T00:08:23.378704,0.0872290862121651,0.0,0.0,3.973094875445946,0.3384251791605904,0.7327385992668658
2025-05-21T00:08:23.478679,0.0872290862121651,0.0,0.0,3.979568907601997,0.344250911706366,0.7327385992668658
2025-05-21T00:08:23.578619,0.0872290862121651,0.0,0.0,3.9860690042702234,0.350100098704206,0.7327385992668658
2025-05-21T00:08:23.678667,0.0872290862121651,0.0,0.0,3.992538877853454,0.3559220891102394,0.7327385992668658
2025-05-21T00:08:23.778696,0.0872290862121651,0.0,0.0,3.999035743511571,0.36176836864634665,0.7327385992668658
2025-05-21T00:08:23.878676,0.0872290862121651,0.0,0.0,4.0055163613628695,0.36760002740598907,0.7327385992668658
2025-05-21T00:08:23.978766,0.0872290862121651,0.0,0.0,4.011998308720719,0.37343288253744494,0.7327385992668658
2025-05-21T00:08:24.078667,0.0872290862121651,0.0,0.0,4.018486053345513,0.37927095440645964,0.7327385992668658
2025-05-21T00:08:24.178727,0.0872290862121651,0.0,0.0,4.024973705214035,0.3851089428076734,0.7327385992668658
2025-05-21T00:08:24.278740,0.0872290862121651,0.0,0.0,4.0314482939077125,0.3909351761602546,0.7327385992668658
2025-05-21T00:08:24.378629,0.0872290862121651,0.0,0.0,4.037942423255832,0.39677899339623407,0.7327385992668658
2025-05-21T00:08:24.478661,0.0872290862121651,0.0,0.0,4.0444146775833545,0.40260312614249166,0.7327385992668658
2025-05-21T00:08:24.578703,0.0872290862121651,0.0,0.0,4.0509037826334575,0.40844242220592014,0.7327385992668658
2025-05-21T00:08:24.678760,0.0872290862121651,0.0,0.0,4.057379314349224,0.41426950414781094,0.7327385992668658
2025-05-21T00:08:24.778567,0.0872290862121651,0.0,0.0,4.063863719748259,0.42010457117599176,0.7327385992668658
2025-05-21T00:08:24.878657,0.0872290862121651,0.0,0.0,4.070353242201581,0.42594424284452453,0.7327385992668658
2025-05-21T00:08:24.978626,0.0872290862121651,0.0,0.0,4.076831479308589,0.4317737592639428,0.7327385992668658
2025-05-21T00:08:25.078673,0.0872290862121651,0.0,0.0,4.083319254852139,0.4376118589555578,0.7327385992668658
2025-05-21T00:08:25.178648,0.0872290862121651,0.0,0.0,4.089811343562295,0.4434538398999166,0.7327385992668658
2025-05-21T00:08:25.278674,0.0872290862121651,0.0,0.0,4.096287339059418,0.4492813391808121,0.7327385992668658
2025-05-21T00:08:25.378652,0.0872290862121651,0.0,0.0,4.102772857533705,0.4551174078226042,0.7327385992668658
2025-05-21T00:08:25.478686,0.0872290862121651,0.0,0.0,4.1092462403958585,0.46094255609377316,0.7327385992668658
2025-05-21T00:08:25.578666,0.0872290862121651,0.0,0.0,4.115728265050602,0.46677548078172987,0.7327385992668658
2025-05-21T00:08:25.678690,0.0872290862121651,0.0,0.0,4.122223909417816,0.47262066132512476,0.7327385992668658
2025-05-21T00:08:25.778658,0.0872290862121651,0.0,0.0,4.128705362075554,0.47845307129497566,0.7327385992668658
2025-05-21T00:08:25.878675,0.0872290862121651,0.0,0.0,4.13518412480143,0.4842830606985993,0.7327385992668658
2025-05-21T00:08:25.978662,0.0872290862121651,0.0,0.0,4.141689245767673,0.49013676886899027,0.7327385992668658
2025-05-21T00:08:26.078562,0.0872290862121651,0.0,0.0,4.148162443117284,0.4959617502045574,0.7327385992668658
2025-05-21T00:08:26.178655,0.0872290862121651,0.0,0.0,4.1546399536335015,0.5017906127928683,0.7327385992668658
2025-05-21T00:08:26.278756,0.0872290862121651,0.0,0.0,4.161129677058745,0.507630465308303,0.7327385992668658
2025-05-21T00:08:26.378662,0.0872290862121651,0.0,0.0,4.16761230462925,0.5134639325369658,0.7327385992668658
2025-05-21T00:08:26.478622,0.0872290862121651,0.0,0.0,4.174096292625064,0.5192986239600424,0.7327385992668658
2025-05-21T00:08:26.578687,0.0872290862121651,0.0,0.0,4.180577606148395,0.5251309087281919,0.7327385992668658
2025-05-21T00:08:26.678751,0.0872290862121651,0.0,0.0,4.187063124622682,0.5309669773699841,0.7327385992668658
2025-05-21T00:08:26.778560,0.0872290862121651,0.0,0.0,4.193550281791092,0.5368045206095928,0.7327385992668658
2025-05-21T00:08:26.878673,0.0872290862121651,0.0,0.0,4.200036959718768,0.5426416325988968,0.7327385992668658
2025-05-21T00:08:26.978663,0.0872290862121651,0.0,0.0,4.20651473304442,0.5484707316793103,0.7327385992668658
2025-05-21T00:08:27.078716,0.0872290862121651,0.0,0.0,4.213000668921928,0.5543071759262067,0.7327385992668658
2025-05-21T00:08:27.178647,0.0872290862121651,0.0,0.0,4.219485692696102,0.5601427994063938,0.7327385992668658
2025-05-21T00:08:27.278667,0.0872290862121651,0.0,0.0,4.225968351185364,0.5659762944576568,0.7327385992668658
2025-05-21T00:08:27.378692,0.0872290862121651,0.0,0.0,4.232450994215248,0.5718097755976198,0.7327385992668658
2025-05-21T00:08:27.478615,0.0872290862121651,0.0,0.0,4.238930962772649,0.5776408500826556,0.7327385992668658
2025-05-21T00:08:27.578655,0.0872290862121651,0.0,0.0,4.245424551042521,0.5834841804231297,0.7327385992668658
2025-05-21T00:08:27.678674,0.0872290862121651,0.0,0.0,4.251904736031221,0.5893154496663677,0.7327385992668658
2025-05-21T00:08:27.778591,0.0872290862121651,0.0,0.0,4.258384039835346,0.5951459259654968,0.7327385992668658
2025-05-21T00:08:27.878674,0.0872290862121651,0.0,0.0,4.26486771864359,0.6009803391625702,0.7327385992668658
2025-05-21T00:08:27.978668,0.0872290862121651,0.0,0.0,4.271349851513983,0.606813361229628,0.7327385992668658
2025-05-21T00:08:28.078672,0.0872290862121651,0.0,0.0,4.277847505600404,0.6126603502420432,0.7327385992668658
2025-05-21T00:08:28.178706,0.0872290862121651,0.0,0.0,4.2843288191237345,0.6184926350101928,0.7327385992668658
2025-05-21T00:08:28.278683,0.0872290862121651,0.0,0.0,4.290810781940963,0.624325504052949,0.7327385992668658
2025-05-21T00:08:28.378641,0.0872290862121651,0.0,0.0,4.297297784515588,0.6301629081795561,0.7327385992668658
2025-05-21T00:08:28.478583,0.0872290862121651,0.0,0.0,4.30377993284536,0.635995944157914,0.7327385992668658
2025-05-21T00:08:28.578708,0.0872290862121651,0.0,0.0,4.310256593095758,0.6418240416247163,0.7327385992668658
2025-05-21T00:08:28.678752,0.0872290862121651,0.0,0.0,4.316746687546086,0.6476642280113548,0.7327385992668658
2025-05-21T00:08:28.778625,0.0872290862121651,0.0,0.0,4.323225543028234,0.6534943008827793,0.7327385992668658
2025-05-21T00:08:28.878649,0.0872290862121651,0.0,0.0,4.329707165739136,0.6593268638769318,0.7327385992668658
2025-05-21T00:08:28.978645,0.0872290862121651,0.0,0.0,4.336200120174489,0.6651696238540994,0.7327385992668658
2025-05-21T00:08:29.078635,0.0872290862121651,0.0,0.0,4.342686628049002,0.6710065828191015,0.7327385992668658
2025-05-21T00:08:29.178659,0.0872290862121651,0.0,0.0,4.3491735842454915,0.6768439452118082,0.7327385992668658
2025-05-21T00:08:29.278662,0.0872290862121651,0.0,0.0,4.355653676477921,0.6826751309872453,0.7327385992668658
2025-05-21T00:08:29.378545,0.0872290862121651,0.0,0.0,4.362137046098595,0.6885092659583156,0.7327385992668658
2025-05-21T00:08:29.478669,0.0872290862121651,0.0,0.0,4.368617988596842,0.6943412168552613,0.7327385992668658
2025-05-21T00:08:29.578691,0.0872290862121651,0.0,0.0,4.375099719523393,0.700173877228515,0.7327385992668658
2025-05-21T00:08:29.678738,0.0872290862121651,0.0,0.0,4.381587696038864,0.706012157767032,0.7327385992668658
2025-05-21T00:08:29.778762,0.0872290862121651,0.0,0.0,4.388073214513152,0.7118482264088241,0.7327385992668658
2025-05-21T00:08:29.878698,0.0872290862121651,0.0,0.0,4.394549859304172,0.7176763099643262,0.7327385992668658
2025-05-21T00:08:29.978632,0.0872290862121651,0.0,0.0,4.401043215683367,0.7235194316352979,0.7327385992668658
2025-05-21T00:08:30.078641,0.0872290862121651,0.0,0.0,4.407523709859637,0.729350979104539,0.7327385992668658
2025-05-21T00:08:30.178646,0.0872290862121651,0.0,0.0,4.413998174878287,0.7351771011667191,0.7327385992668658
2025-05-21T00:08:30.278777,0.0872290862121651,0.0,0.0,4.4204885475974285,0.7410175379567604,0.7327385992668658
2025-05-21T00:08:30.378636,0.0872290862121651,0.0,0.0,4.4269709278178775,0.7468507826046207,0.7327385992668658
2025-05-21T00:08:30.478828,0.0872290862121651,0.0,0.0,4.4334639595501235,0.752693612138289,0.7327385992668658
2025-05-21T00:08:30.578660,0.0872290862121651,0.0,0.0,4.439947792952153,0.7585281644483641,0.7327385992668658
2025-05-21T00:08:30.678704,0.0872290862121651,0.0,0.0,4.446438227508807,0.7643686568836061,0.7327385992668658
2025-05-21T00:08:30.778656,0.0872290862121651,0.0,0.0,4.452911718586611,0.7701939025338763,0.7327385992668658
2025-05-21T00:08:30.878655,0.0872290862121651,0.0,0.0,4.459397175223384,0.7760299155304679,0.7327385992668658
2025-05-21T00:08:30.978657,0.0872290862121651,0.0,0.0,4.46587428379576,0.7818584164249747,0.7327385992668658
2025-05-21T00:08:31.078676,0.0872290862121651,0.0,0.0,4.4723626158769365,0.7876970169233953,0.7327385992668658
2025-05-21T00:08:31.178713,0.0872290862121651,0.0,0.0,4.478838889642872,0.7935247666076937,0.7327385992668658
2025-05-21T00:08:31.278684,0.0872290862121651,0.0,0.0,4.485335353357147,0.7993706844499969,0.7327385992668658
2025-05-21T00:08:31.378639,0.0872290862121651,0.0,0.0,4.491814827214435,0.8052013137734277,0.7327385992668658
2025-05-21T00:08:31.478694,0.0872290862121651,0.0,0.0,4.498294625718673,0.8110322352341618,0.7327385992668658
2025-05-21T00:08:31.578683,0.0872290862121651,0.0,0.0,4.50478992997956,0.8168771097289531,0.7327385992668658
2025-05-21T00:08:31.678599,0.0872290862121651,0.0,0.0,4.511271707284246,0.8227098118361074,0.7327385992668658
2025-05-21T00:08:31.778709,0.0872290862121651,0.0,0.0,4.5177541648015875,0.8285431260404684,0.7327385992668658
2025-05-21T00:08:31.878679,0.0872290862121651,0.0,0.0,4.524231010564529,0.8343713904428726,0.7327385992668658
2025-05-21T00:08:31.978697,0.0872290862121651,0.0,0.0,4.530718198651696,0.8402089615050816,0.7327385992668658
2025-05-21T00:08:32.078669,0.0872290862121651,0.0,0.0,4.537208184886374,0.846049050512619,0.7327385992668658
2025-05-21T00:08:32.178706,0.0872290862121651,0.0,0.0,4.543690472350552,0.8518822116926784,0.7327385992668658
2025-05-21T00:08:32.278690,0.0872290862121651,0.0,0.0,4.550176238174896,0.8577185029152731,0.7327385992668658
2025-05-21T00:08:32.378659,0.0872290862121651,0.0,0.0,4.556661741189806,0.863554557645765,0.7327385992668658
2025-05-21T00:08:32.478692,0.0872290862121651,0.0,0.0,4.563149594030249,0.8693927268938808,0.7327385992668658
2025-05-21T00:08:32.578665,0.0872290862121651,0.0,0.0,4.569642393871817,0.8752353477580468,0.7327385992668658
2025-05-21T00:08:32.678578,0.0872290862121651,0.0,0.0,4.576112700317647,0.8810577276804846,0.7327385992668658
2025-05-21T00:08:32.778668,0.0872290862121651,0.0,0.0,4.582612255907625,0.8869064277828191,0.7327385992668658
2025-05-21T00:08:32.878685,0.0872290862121651,0.0,0.0,4.58907948593713,0.8927260393565257,0.7327385992668658
2025-05-21T00:08:32.978695,0.0872290862121651,0.0,0.0,4.5955729196132165,0.8985692305839982,0.7327385992668658
2025-05-21T00:08:33.078838,0.0872290862121651,0.0,0.0,4.602050012726214,0.9043977175672048,0.7327385992668658
2025-05-21T00:08:33.178815,0.0872290862121651,0.0,0.0,4.608541142954902,0.9102388360109538,0.7327385992668658
2025-05-21T00:08:33.278674,0.0872290862121651,0.0,0.0,4.615016334564342,0.9160656119042411,0.7327385992668658
2025-05-21T00:08:33.378659,0.0872290862121651,0.0,0.0,4.621506289880263,0.9219056730891781,0.7327385992668658
2025-05-21T00:08:33.478951,0.0872290862121651,0.0,0.0,4.627996554383754,0.9277460125001183,0.7327385992668658
2025-05-21T00:08:33.578643,0.0872290862121651,0.0,0.0,4.634478068879006,0.9335784781151699,0.7327385992668658
2025-05-21T00:08:33.678711,0.0872290862121651,0.0,0.0,4.640963154490695,0.9394141572405577,0.7327385992668658
2025-05-21T00:08:33.778652,0.0872290862121651,0.0,0.0,4.647432378780029,0.9452355633719846,0.7327385992668658
2025-05-21T00:08:33.878664,0.0872290862121651,0.0,0.0,4.653929074384982,0.95108168988379,0.7327385992668658
2025-05-21T00:08:33.978549,0.0872290862121651,0.0,0.0,4.660428769109367,0.956930515187826,0.7327385992668658
2025-05-21T00:08:34.078651,0.0872290862121651,0.0,0.0,4.666888099396451,0.9627430180871526,0.7327385992668658
2025-05-21T00:08:34.178659,0.0872290862121651,0.0,0.0,4.673384393057563,0.9685887829051539,0.7327385992668658
2025-05-21T00:08:34.278710,0.0872290862121651,0.0,0.0,4.679856570088193,0.9744128460949107,0.7327385992668658
2025-05-21T00:08:34.378650,0.0872290862121651,0.0,0.0,4.686345180438183,0.9802516969967342,0.7327385992668658
2025-05-21T00:08:34.478665,0.0872290862121651,0.0,0.0,4.692827035039762,0.9860844686603891,0.7327385992668658
2025-05-21T00:08:34.578701,0.0872290862121651,0.0,0.0,4.699312862701619,0.9919208155281845,0.7327385992668658
2025-05-21T00:08:34.678577,0.0872290862121651,0.0,0.0,4.705788749983093,0.9977482174299789,0.7327385992668658
2025-05-21T00:08:34.778657,0.0872290862121651,0.0,0.0,4.712299389947465,1.003606891934526,0.7327385992668658
2025-05-21T00:08:34.878641,0.0872290862121651,0.0,0.0,4.71876318799494,1.009423415199598,0.7327385992668658
2025-05-21T00:08:34.978550,0.0872290862121651,0.0,0.0,4.725243898602509,1.0152551574270414,0.7327385992668658
2025-05-21T00:08:35.078689,0.0872290862121651,0.0,0.0,4.731724717425728,1.0210869970335859,0.7327385992668658
2025-05-21T00:08:35.178668,0.0872290862121651,0.0,0.0,4.738207932452617,1.0269209928916545,0.7327385992668658
2025-05-21T00:08:35.278692,0.0872290862121651,0.0,0.0,4.74469444032713,1.0327579518566565,0.7327385992668658
2025-05-21T00:08:35.378670,0.0872290862121651,0.0,0.0,4.751181752089326,1.0385956342092668,0.7327385992668658
2025-05-21T00:08:35.478652,0.0872290862121651,0.0,0.0,4.7576648898193215,1.044429560510835,0.7327385992668658
2025-05-21T00:08:35.578659,0.0872290862121651,0.0,0.0,4.7641573340951835,1.0502718614150972,0.7327385992668658
2025-05-21T00:08:35.678566,0.0872290862121651,0.0,0.0,4.7706374572463695,1.0561030750131346,0.7327385992668658
2025-05-21T00:08:35.778640,0.0872290862121651,0.0,0.0,4.7771133754466,1.0619305047375294,0.7327385992668658
2025-05-21T00:08:35.878740,0.0872290862121651,0.0,0.0,4.783607442957206,1.067774266328308,0.7327385992668658
2025-05-21T00:08:35.978666,0.0872290862121651,0.0,0.0,4.790085123526587,1.0736032819409207,0.7327385992668658
2025-05-21T00:08:36.078689,0.0872290862121651,0.0,0.0,4.796571368591664,1.0794400044138202,0.7327385992668658
2025-05-21T00:08:36.178645,0.0872290862121651,0.0,0.0,4.80305377973087,1.0852732768842808,0.7327385992668658
2025-05-21T00:08:36.278679,0.0872290862121651,0.0,0.0,4.809536546435782,1.091106869314645,0.7327385992668658
2025-05-21T00:08:36.378694,0.0872290862121651,0.0,0.0,4.816025342298315,1.0969458871520705,0.7327385992668658
2025-05-21T00:08:36.478662,0.0872290862121651,0.0,0.0,4.8225108298538455,1.1027819279712623,0.7327385992668658
2025-05-21T00:08:36.578727,0.0872290862121651,0.0,0.0,4.828995049740337,1.108616828063841,0.7327385992668658
2025-05-21T00:08:36.678795,0.0872290862121651,0.0,0.0,4.835473982519377,1.1144469704917666,0.7327385992668658
2025-05-21T00:08:36.778635,0.0872290862121651,0.0,0.0,4.841959485534287,1.1202830252222586,0.7327385992668658
2025-05-21T00:08:36.878788,0.0872290862121651,0.0,0.0,4.848441881214114,1.1261162837814191,0.7327385992668658
2025-05-21T00:08:36.978699,0.0872290862121651,0.0,0.0,4.854936288831047,1.1319603514208014,0.7327385992668658
2025-05-21T00:08:37.078692,0.0872290862121651,0.0,0.0,4.861410877524725,1.1377865847733826,0.7327385992668658
2025-05-21T00:08:37.178664,0.0872290862121651,0.0,0.0,4.867906135407477,1.1436314175342734,0.7327385992668658
2025-05-21T00:08:37.278648,0.0872290862121651,0.0,0.0,4.874379023569518,1.1494561206438374,0.7327385992668658
2025-05-21T00:08:37.378647,0.0872290862121651,0.0,0.0,4.880861512005617,1.1552894626707988,0.7327385992668658
2025-05-21T00:08:37.478767,0.0872290862121651,0.0,0.0,4.887342454503864,1.1611214135677446,0.7327385992668658
2025-05-21T00:08:37.578660,0.0,0.0,0.0,4.890604831692342,1.1640571013285397,0.7327385992668658
2025-05-21T00:08:37.678685,0.0,0.0,0.0,4.890604831692342,1.1640571013285397,0.7327385992668658
2025-05-21T00:08:37.778655,0.0,0.0,0.0,4.890604831692342,1.1640571013285397,0.7327385992668658
2025-05-21T00:08:37.878715,0.0,0.0,0.0,4.890604831692342,1.1640571013285397,0.7327385992668658
2025-05-21T00:08:37.978669,0.0,0.0,0.0,4.890604831692342,1.1640571013285397,0.7327385992668658
2025-05-21T00:08:38.078665,0.0,0.0,0.0,4.890604831692342,1.1640571013285397,0.7327385992668658
2025-05-21T00:08:38.178635,0.0,0.0,0.0,4.890604831692342,1.1640571013285397,0.7327385992668658
2025-05-21T00:08:38.278781,0.0,0.0,0.0,4.890604831692342,1.1640571013285397,0.7327385992668658
2025-05-21T00:08:38.378649,0.0,0.0,0.0,4.890604831692342,1.1640571013285397,0.7327385992668658
2025-05-21T00:08:38.478687,0.0,0.0,0.0,4.890604831692342,1.1640571013285397,0.7327385992668658
2025-05-21T00:08:38.578701,0.0,0.0,0.0,4.890604831692342,1.1640571013285397,0.7327385992668658
2025-05-21T00:08:38.678761,0.0,0.0,0.0,4.890604831692342,1.1640571013285397,0.7327385992668658
2025-05-21T00:08:38.778669,0.0,0.0,0.0,4.890604831692342,1.1640571013285397,0.7327385992668658
2025-05-21T00:08:38.878655,0.0,0.0,0.0,4.890604831692342,1.1640571013285397,0.7327385992668658
2025-05-21T00:08:38.978661,0.0,0.0,0.0,4.890604831692342,1.1640571013285397,0.7327385992668658
2025-05-21T00:08:39.078670,0.0,0.0,0.0,4.890604831692342,1.1640571013285397,0.7327385992668658
2025-05-21T00:08:39.178643,0.0,0.0,0.0,4.890604831692342,1.1640571013285397,0.7327385992668658
2025-05-21T00:08:39.278639,0.0,0.0,0.0,4.890604831692342,1.1640571013285397,0.7327385992668658
2025-05-21T00:08:39.378677,0.0,0.0,0.0,4.890604831692342,1.1640571013285397,0.7327385992668658
2025-05-21T00:08:39.478743,0.0,0.0,0.0,4.890604831692342,1.1640571013285397,0.7327385992668658
2025-05-21T00:08:39.578653,0.0,0.0,0.0,4.890604831692342,1.1640571013285397,0.7327385992668658
2025-05-21T00:08:39.678674,0.0,0.0,0.0,4.890604831692342,1.1640571013285397,0.7327385992668658
2025-05-21T00:08:39.778639,0.0,0.0,0.0,4.890604831692342,1.1640571013285397,0.7327385992668658
2025-05-21T00:08:39.878840,0.0,0.0,0.0,4.890604831692342,1.1640571013285397,0.7327385992668658
2025-05-21T00:08:39.978604,0.0,0.0,0.0,4.890604831692342,1.1640571013285397,0.7327385992668658
2025-05-21T00:08:40.078817,0.0,0.0,0.0,4.890604831692342,1.1640571013285397,0.7327385992668658
2025-05-21T00:08:40.178672,0.0,0.0,0.0,4.890604831692342,1.1640571013285397,0.7327385992668658
2025-05-21T00:08:40.278812,0.0,0.0,0.0,4.890604831692342,1.1640571013285397,0.7327385992668658
2025-05-21T00:08:40.378643,0.0,0.0,0.0,4.890604831692342,1.1640571013285397,0.7327385992668658
2025-05-21T00:08:40.478644,0.0,0.0,0.0,4.890604831692342,1.1640571013285397,0.7327385992668658
2025-05-21T00:08:40.578669,0.0,0.0,0.0,4.890604831692342,1.1640571013285397,0.7327385992668658
2025-05-21T00:08:40.678852,0.0,0.0,0.0,4.890604831692342,1.1640571013285397,0.7327385992668658
2025-05-21T00:08:40.778653,0.0,0.0,0.0,4.890604831692342,1.1640571013285397,0.7327385992668658
2025-05-21T00:08:40.878858,0.0,0.0,0.0,4.890604831692342,1.1640571013285397,0.7327385992668658
2025-05-21T00:08:40.978652,0.0,0.0,0.0,4.890604831692342,1.1640571013285397,0.7327385992668658
2025-05-21T00:08:41.078840,0.0,0.0,0.0,4.890604831692342,1.1640571013285397,0.7327385992668658
2025-05-21T00:08:41.178759,0.0,0.0,0.0,4.890604831692342,1.1640571013285397,0.7327385992668658
2025-05-21T00:08:41.278687,0.0,0.0,0.0,4.890604831692342,1.1640571013285397,0.7327385992668658
